{"batch.backward": {"label": "batch.backward", "average_duration": 0.0969839206542027, "n_events": 35804, "total_time": 3472.412295103073}, "batch.forward": {"label": "batch.forward", "average_duration": 0.052133862318144764, "n_events": 36624, "total_time": 1909.350573539734}, "batch.reduce": {"label": "batch.reduce", "average_duration": 0.17188123315701834, "n_events": 35783, "total_time": 6150.426166057587}, "reduce.construct_sketch": {"label": "reduce.construct_sketch", "average_duration": 0.002971901200807298, "n_events": 35783, "total_time": 106.34354066848755}, "reduce.rank1.all_reduce": {"label": "reduce.rank1.all_reduce", "average_duration": 0.13357259138951783, "n_events": 35783, "total_time": 4779.628037691116}, "reduce.rank1.pack": {"label": "reduce.rank1.pack", "average_duration": 0.0014449644724385852, "n_events": 35783, "total_time": 51.7051637172699}, "reduce.rank1.unpack": {"label": "reduce.rank1.unpack", "average_duration": 0.0025472526988978357, "n_events": 35783, "total_time": 91.14834332466125}, "reduce.setup_sketch": {"label": "reduce.setup_sketch", "average_duration": 7.600444227301301e-05, "n_events": 35783, "total_time": 2.7196669578552246}, "reduce.sync_sketch": {"label": "reduce.sync_sketch", "average_duration": 0.002696407789742004, "n_events": 35783, "total_time": 96.48555994033813}, "reduce.unsketch": {"label": "reduce.unsketch", "average_duration": 0.007246909132079208, "n_events": 35783, "total_time": 259.3161494731903}}